{"stats":{"minecraft:crafted":{"minecraft:cooked_beef":11,"minecraft:oak_planks":56,"minecraft:stone_shovel":1,"minecraft:crafting_table":2,"minecraft:wooden_pickaxe":1,"minecraft:iron_helmet":1,"minecraft:cooked_chicken":5,"minecraft:iron_sword":1,"minecraft:furnace":3,"minecraft:stone_axe":1,"minecraft:cooked_mutton":2,"minecraft:air":0,"minecraft:jungle_planks":96,"minecraft:iron_boots":1,"minecraft:iron_chestplate":1,"minecraft:shield":1,"minecraft:stick":20,"minecraft:iron_ingot":49,"minecraft:iron_pickaxe":1,"minecraft:stone_pickaxe":3,"minecraft:stone_sword":1,"minecraft:chest":2,"minecraft:iron_leggings":1,"minecraft:torch":12},"minecraft:used":{"minecraft:stone_sword":43,"minecraft:stone_shovel":55,"minecraft:stone_pickaxe":242,"minecraft:shield":9,"minecraft:chest":2,"minecraft:wooden_pickaxe":22,"minecraft:iron_sword":57,"minecraft:cooked_chicken":1,"minecraft:torch":11,"minecraft:dirt":40,"minecraft:crafting_table":2,"minecraft:granite":2,"minecraft:iron_pickaxe":18,"minecraft:stone_axe":43,"minecraft:furnace":3,"minecraft:oak_sapling":1,"minecraft:egg":1,"minecraft:cooked_beef":5},"minecraft:custom":{"minecraft:interact_with_furnace":33,"minecraft:mob_kills":31,"minecraft:interact_with_crafting_table":26,"minecraft:leave_game":2,"minecraft:time_since_death":54544,"minecraft:climb_one_cm":3609,"minecraft:time_since_rest":54544,"minecraft:sprint_one_cm":73815,"minecraft:damage_taken":225,"minecraft:walk_one_cm":113361,"minecraft:damage_blocked_by_shield":385,"minecraft:drop":9,"minecraft:damage_dealt":4489,"minecraft:swim_one_cm":5219,"minecraft:fly_one_cm":119507,"minecraft:open_chest":8,"minecraft:crouch_one_cm":2230,"minecraft:play_time":54544,"minecraft:sneak_time":1185,"minecraft:walk_under_water_one_cm":3972,"minecraft:jump":814,"minecraft:walk_on_water_one_cm":10436,"minecraft:total_world_time":54544,"minecraft:fall_one_cm":16044},"minecraft:broken":{"minecraft:stone_pickaxe":1},"minecraft:dropped":{"minecraft:wheat_seeds":8,"minecraft:feather":1},"minecraft:killed":{"minecraft:spider":1,"minecraft:creeper":1,"minecraft:sheep":2,"minecraft:skeleton":3,"minecraft:zombie":10,"minecraft:chicken":6,"minecraft:drowned":2,"minecraft:cow":6},"minecraft:picked_up":{"minecraft:feather":5,"minecraft:chicken":5,"minecraft:jungle_log":24,"minecraft:andesite":10,"minecraft:leather":10,"minecraft:oak_log":14,"minecraft:string":1,"minecraft:dirt":66,"minecraft:bone":5,"minecraft:wheat_seeds":20,"minecraft:beef":11,"minecraft:bamboo":6,"minecraft:egg":1,"minecraft:raw_iron":49,"minecraft:diorite":28,"minecraft:trident":1,"minecraft:arrow":3,"minecraft:rotten_flesh":8,"minecraft:granite":2,"minecraft:oak_sapling":2,"minecraft:black_wool":1,"minecraft:mutton":2,"minecraft:coal":22,"minecraft:white_wool":1,"minecraft:cobblestone":164},"minecraft:mined":{"minecraft:oak_sapling":1,"minecraft:jungle_leaves":2,"minecraft:granite":2,"minecraft:short_grass":119,"minecraft:grass_block":44,"minecraft:jungle_log":25,"minecraft:diorite":28,"minecraft:iron_ore":49,"minecraft:andesite":10,"minecraft:oak_log":14,"minecraft:coal_ore":22,"minecraft:vine":18,"minecraft:dirt":22,"minecraft:azalea_leaves":3,"minecraft:bamboo":1,"minecraft:stone":165,"minecraft:oak_leaves":4,"minecraft:fern":48}},"DataVersion":3955}